--DDL
-- table



create table staff (
    id_staff char(6) primary key,
    nama_staff varchar(30),
    no_telp varchar(15)
);

create table tempat_parkir (
    id_tempat_parkir char(6) primary key,
    jenis_tempat_parkir char(2),
    jenis_k_tempat_parkir char(5),
    nama_tempat_parkir varchar(20),
    total_slot_tempat_parkir int,
    staff_id_staff char(6)
);

create table internal_its (
    id_internal char(10) primary key,
    nama_internal varchar(30),
    status_internal char(2),
    no_telp varchar(15)
);

create table eksternal_its (
    id_eksternal char(16) primary key,
    nama varchar(30),
    no_telp varchar(15),
    stnk char(7)
);


create table dosen (
    nidn_dosen char(10) primary key,
    nama_dosen varchar(30),
    internal_its_id char(10)
);

create table mahasiswa (
    nrp char(10) primary key,
    nama_mahasis varchar(30),
    internal_its_id char(10)
);

create table kendaraan (
    id_kendaraan char(6) primary key,
    jenis_kendaraan char(5),
    nomor_polisi varchar(9),
    internal_its_id_internal char(10)
);

create table slot_parkir (
    id_slot char(6) primary key,
    kode_slot varchar(5),
    tempat_parkir_id char(6)
);

create table parkir_log (
    id_log char(6) primary key,
    waktu_masuk timestamp,
    waktu_keluar timestamp,
    slot_parkir_id_slot char(6),
    kendaraan_id_kendaraan char(6)
);

create table karcis (
    id_karcis char(6) primary key,
    status_karcis boolean,
    parkir_log_id_log char(6),
    eksternal_its_id_ek char(16),
	jenis_kendaraan char(5)
);


-- fk


alter table tempat_parkir
add constraint fk_tempat_staff
foreign key (staff_id_staff) references staff(id_staff);

alter table dosen
add constraint fk_dosen_internal
foreign key (internal_its_id) references internal_its(id_internal);

alter table mahasiswa
add constraint fk_mahasiswa_internal
foreign key (internal_its_id) references internal_its(id_internal);

alter table kendaraan
add constraint fk_kendaraan_internal
foreign key (internal_its_id_internal) references internal_its(id_internal);

alter table slot_parkir
add constraint fk_slot_tempat
foreign key (tempat_parkir_id) references tempat_parkir(id_tempat_parkir);

alter table parkir_log
add constraint fk_log_slot
foreign key (slot_parkir_id_slot) references slot_parkir(id_slot);

alter table parkir_log
add constraint fk_log_kendaraan
foreign key (kendaraan_id_kendaraan) references kendaraan(id_kendaraan);

alter table karcis
add constraint fk_karcis_log
foreign key (parkir_log_id_log) references parkir_log(id_log);

alter table karcis
add constraint fk_karcis_eksternal
foreign key (eksternal_its_id_ek) references eksternal_its(id_eksternal);


insert into staff (id_staff, nama_staff, no_telp) values
('S00001', 'Arif Setiawan', '081234560001'),
('S00002', 'Budi Prakoso', '081234560002'),
('S00003', 'Citra Rahmawati', '081234560003'),
('S00004', 'Dewi Lestari', '081234560004'),
('S00005', 'Eko Santoso', '081234560005'),
('S00006', 'Fajar Riyanto', '081234560006'),
('S00007', 'Gita Pramesthi', '081234560007'),
('S00008', 'Hendra Wijaya', '081234560008'),
('S00009', 'Indah Kusumawati', '081234560009'),
('S00010', 'Joko Prabowo', '081234560010'),
('S00011', 'Kartika Ramadhani', '081234560011'),
('S00012', 'Lukman Saputra', '081234560012'),
('S00013', 'Mega Putri Astuti', '081234560013'),
('S00014', 'Nur Hidayah', '081234560014'),
('S00015', 'Oki Pranata', '081234560015'),
('S00016', 'Putri Maharani', '081234560016'),
('S00017', 'Qori Prameswari', '081234560017'),
('S00018', 'Rafi Nugraha', '081234560018'),
('S00019', 'Sinta Dewi', '081234560019'),
('S00020', 'Teguh Wicaksono', '081234560020'),
('S00021', 'Umi Kurniasih', '081234560021'),
('S00022', 'Vino Adi Saputra', '081234560022'),
('S00023', 'Wulan Fitria', '081234560023'),
('S00024', 'Xaverius Pratama', '081234560024'),
('S00025', 'Yuni Santika', '081234560025'),
('S00026', 'Zaki Maulana', '081234560026'),
('S00027', 'Anita Lestari', '081234560027'),
('S00028', 'Bagus Firmansyah', '081234560028'),
('S00029', 'Clarissa Putri', '081234560029'),
('S00030', 'Dimas Hartono', '081234560030'),
('S00031', 'Elisa Handayani', '081234560031'),
('S00032', 'Fauzan Ridwan', '081234560032'),
('S00033', 'Galuh Pramesti', '081234560033'),
('S00034', 'Heri Kurniawan', '081234560034'),
('S00035', 'Intan Maharani', '081234560035'),
('S00036', 'Jihan Safitri', '081234560036'),
('S00037', 'Kresna Wijaya', '081234560037'),
('S00038', 'Laila Ramadhani', '081234560038'),
('S00039', 'Miko Prawira', '081234560039'),
('S00040', 'Nadya Kartikasari', '081234560040');



INSERT INTO eksternal_its (id_eksternal, nama, no_telp, stnk)
VALUES
('3578123400012341','Andi Saputra','081234567801','L123AB'),
('3578123400012342','Budi Rahman','081234567802','B456CD'),
('3578123400012343','Cici Lestari','081234567803','D789EF'),
('3578123400012344','Dewi Anggraini','081234567804','F321GH'),
('3578123400012345','Eko Firmansyah','081234567805','DA654IJ'),
('3578123400012346','Fajar Pratama','081234567806','W987KL'),
('3578123400012347','Gina Melani','081234567807','TA111MN'),
('3578123400012348','Hadi Susanto','081234567808','BP222OP'),
('3578123400012349','Indah Novita','081234567809','K333QR'),
('3578123400012350','Joko Hartono','081234567810','AD444ST'),
('3578123400012351','Kiki Maulana','081234567811','L555UV'),
('3578123400012352','Linda Putri','081234567812','B666WX'),
('3578123400012353','Miko Kurniawan','081234567813','D777YZ'),
('3578123400012354','Nina Amalia','081234567814','F888AA'),
('3578123400012355','Oki Prasetyo','081234567815','DA999BB'),
('3578123400012356','Putri Anggun','081234567816','W101CC'),
('3578123400012357','Qori Ramadhani','081234567817','TA202DD'),
('3578123400012358','Rafi Akbar','081234567818','BP303EE'),
('3578123400012359','Sari Puspita','081234567819','K404FF'),
('3578123400012360','Tono Suryadi','081234567820','AD505GG'),
('3578123400012361','Umar Hidayat','081234567821','L606HH'),
('3578123400012362','Vina Karlina','081234567822','B707II'),
('3578123400012363','Wawan Setiawan','081234567823','D808JJ'),
('3578123400012364','Xena Maharani','081234567824','F909KK'),
('3578123400012365','Yusuf Ibrahim','081234567825','DA010LL'),
('3578123400012366','Zahra Lestari','081234567826','W121MM'),
('3578123400012367','Bagas Putra','081234567827','TA232NN'),
('3578123400012368','Celine Amanda','081234567828','BP343OO'),
('3578123400012369','Dimas Ardi','081234567829','K454PP'),
('3578123400012370','Erlangga Tama','081234567830','AD565QQ'),
('3578123400012371','Farah Amelia','081234567831','L676RR'),
('3578123400012372','Gilang Prasetyo','081234567832','B787SS'),
('3578123400012373','Hana Qanita','081234567833','D898TT'),
('3578123400012374','Imam Mulyadi','081234567834','F909UU'),
('3578123400012375','Jihan Salsabila','081234567835','DA020VV'),
('3578123400012376','Kevin Saputra','081234567836','W131WW'),
('3578123400012377','Laras Wulandari','081234567837','TA242XX'),
('3578123400012378','Marlan Syah','081234567838','BP353YY'),
('3578123400012379','Nabila Ayu','081234567839','K464ZZ'),
('3578123400012380','Omar Ridho','081234567840','AD575AA');



insert into tempat_parkir (id_tempat_parkir, nama_tempat_parkir, jenis_tempat_parkir, jenis_k_tempat_parkir, total_slot_tempat_parkir, staff_id_staff) values
-- PARKIRAN TC
('TP0001', 'Parkiran TC', 'MH', 'MOTOR', 40, 'S00001'),
('TP0002', 'Parkiran TC', 'MH', 'MOBIL', 20, 'S00002'),
('TP0003', 'Parkiran TC', 'TD', 'MOTOR', 40, 'S00003'),
('TP0004', 'Parkiran TC', 'TD', 'MOBIL', 20, 'S00004'),
('TP0005', 'Parkiran TC', 'UM', 'MOTOR', 40, 'S00005'),
('TP0006', 'Parkiran TC', 'UM', 'MOBIL', 20, 'S00006'),

-- PARKIRAN ELEKTRO
('TP0007', 'Parkiran Elektro', 'MH', 'MOTOR', 40,  'S00007'),
('TP0008', 'Parkiran Elektro', 'MH', 'MOBIL', 20,  'S00008'),
('TP0009', 'Parkiran Elektro', 'TD', 'MOTOR', 40,  'S00009'),
('TP0010', 'Parkiran Elektro', 'TD', 'MOBIL', 20,  'S00010'),
('TP0011', 'Parkiran Elektro', 'UM', 'MOTOR', 40,  'S00011'),
('TP0012', 'Parkiran Elektro', 'UM', 'MOBIL', 20,  'S00012'),

-- PARKIRAN SISTEM INFORMASI
('TP0013', 'Parkiran sisfor', 'MH', 'MOTOR', 40,  'S00013'),
('TP0014', 'Parkiran sisfor', 'MH', 'MOBIL', 20,  'S00014'),
('TP0015', 'Parkiran sisfor', 'TD', 'MOTOR', 40,  'S00015'),
('TP0016', 'Parkiran sisfor', 'TD', 'MOBIL', 20,  'S00016'),
('TP0017', 'Parkiran sisfor', 'UM', 'MOTOR', 40,  'S00017'),
('TP0018', 'Parkiran sisfor', 'UM', 'MOBIL', 20,  'S00018'),

-- KPA 1
('TP0019', 'KPA 1', 'MH', 'MOTOR', 40, 'S00019'),
('TP0020', 'KPA 1', 'MH', 'MOBIL', 20, 'S00020'),
('TP0021', 'KPA 1', 'TD', 'MOTOR', 40, 'S00021'),
('TP0022', 'KPA 1', 'TD', 'MOBIL', 20, 'S00022'),
('TP0023', 'KPA 1', 'UM', 'MOTOR', 40, 'S00023'),
('TP0024', 'KPA 1', 'UM', 'MOBIL', 20, 'S00024'),

-- KPA 2
('TP0025', 'KPA 2', 'MH', 'MOTOR', 40, 'S00025'),
('TP0026', 'KPA 2', 'MH', 'MOBIL', 20, 'S00026'),
('TP0027', 'KPA 2', 'TD', 'MOTOR', 40, 'S00027'),
('TP0028', 'KPA 2', 'TD', 'MOBIL', 20, 'S00028'),
('TP0029', 'KPA 2', 'UM', 'MOTOR', 40, 'S00029'),
('TP0030', 'KPA 2', 'UM', 'MOBIL', 20, 'S00030'),

-- KPA 3
('TP0031', 'KPA 3', 'MH', 'MOTOR', 40, 'S00031'),
('TP0032', 'KPA 3', 'MH', 'MOBIL', 20, 'S00032'),
('TP0033', 'KPA 3', 'TD', 'MOTOR', 40, 'S00033'),
('TP0034', 'KPA 3', 'TD', 'MOBIL', 20, 'S00034'),
('TP0035', 'KPA 3', 'UM', 'MOTOR', 40, 'S00035'),
('TP0036', 'KPA 3', 'UM', 'MOBIL', 20, 'S00036'),

--Asrama
('TP0037', 'Asrama', 'MH', 'MOTOR', 40, 'S00037'),
('TP0038', 'Asrama', 'MH', 'MOBIL', 20, 'S00038'),
('TP0039', 'Asrama', 'UM', 'MOTOR', 40, 'S00039'),
('TP0040', 'Asrama', 'UM', 'MOBIL', 20, 'S00040');


-- slot parkir, wtf is ts bro jirlah

INSERT INTO slot_parkir (id_slot, kode_slot, tempat_parkir_id) VALUES
-- PARKIRAN TC (TP0001-TP0040)
-- TP0001 MOTOR (Slot 1-40)
('SL0001','1','TP0001'),('SL0002','2','TP0001'),('SL0003','3','TP0001'),('SL0004','4','TP0001'),('SL0005','5','TP0001'),
('SL0006','6','TP0001'),('SL0007','7','TP0001'),('SL0008','8','TP0001'),('SL0009','9','TP0001'),('SL0010','10','TP0001'),
('SL0011','11','TP0001'),('SL0012','12','TP0001'),('SL0013','13','TP0001'),('SL0014','14','TP0001'),('SL0015','15','TP0001'),
('SL0016','16','TP0001'),('SL0017','17','TP0001'),('SL0018','18','TP0001'),('SL0019','19','TP0001'),('SL0020','20','TP0001'),
('SL0021','21','TP0001'),('SL0022','22','TP0001'),('SL0023','23','TP0001'),('SL0024','24','TP0001'),('SL0025','25','TP0001'),
('SL0026','26','TP0001'),('SL0027','27','TP0001'),('SL0028','28','TP0001'),('SL0029','29','TP0001'),('SL0030','30','TP0001'),
('SL0031','31','TP0001'),('SL0032','32','TP0001'),('SL0033','33','TP0001'),('SL0034','34','TP0001'),('SL0035','35','TP0001'),
('SL0036','36','TP0001'),('SL0037','37','TP0001'),('SL0038','38','TP0001'),('SL0039','39','TP0001'),('SL0040','40','TP0001'),

-- TP0002 MOBIL (Slot 41-50)
('SL0041','1','TP0002'),('SL0042','2','TP0002'),('SL0043','3','TP0002'),('SL0044','4','TP0002'),('SL0045','5','TP0002'),
('SL0046','6','TP0002'),('SL0047','7','TP0002'),('SL0048','8','TP0002'),('SL0049','9','TP0002'),('SL0050','10','TP0002'),

-- TP0003 MOTOR (Slot 51-90)
('SL0051','1','TP0003'),('SL0052','2','TP0003'),('SL0053','3','TP0003'),('SL0054','4','TP0003'),('SL0055','5','TP0003'),
('SL0056','6','TP0003'),('SL0057','7','TP0003'),('SL0058','8','TP0003'),('SL0059','9','TP0003'),('SL0060','10','TP0003'),
('SL0061','11','TP0003'),('SL0062','12','TP0003'),('SL0063','13','TP0003'),('SL0064','14','TP0003'),('SL0065','15','TP0003'),
('SL0066','16','TP0003'),('SL0067','17','TP0003'),('SL0068','18','TP0003'),('SL0069','19','TP0003'),('SL0070','20','TP0003'),
('SL0071','21','TP0003'),('SL0072','22','TP0003'),('SL0073','23','TP0003'),('SL0074','24','TP0003'),('SL0075','25','TP0003'),
('SL0076','26','TP0003'),('SL0077','27','TP0003'),('SL0078','28','TP0003'),('SL0079','29','TP0003'),('SL0080','30','TP0003'),
('SL0081','31','TP0003'),('SL0082','32','TP0003'),('SL0083','33','TP0003'),('SL0084','34','TP0003'),('SL0085','35','TP0003'),
('SL0086','36','TP0003'),('SL0087','37','TP0003'),('SL0088','38','TP0003'),('SL0089','39','TP0003'),('SL0090','40','TP0003'),

-- TP0004 MOBIL (Slot 91-100)
('SL0091','1','TP0004'),('SL0092','2','TP0004'),('SL0093','3','TP0004'),('SL0094','4','TP0004'),('SL0095','5','TP0004'),
('SL0096','6','TP0004'),('SL0097','7','TP0004'),('SL0098','8','TP0004'),('SL0099','9','TP0004'),('SL0100','10','TP0004'),

-- TP0005 MOTOR (Slot 101-140)
('SL0101','1','TP0005'),('SL0102','2','TP0005'),('SL0103','3','TP0005'),('SL0104','4','TP0005'),('SL0105','5','TP0005'),
('SL0106','6','TP0005'),('SL0107','7','TP0005'),('SL0108','8','TP0005'),('SL0109','9','TP0005'),('SL0110','10','TP0005'),
('SL0111','11','TP0005'),('SL0112','12','TP0005'),('SL0113','13','TP0005'),('SL0114','14','TP0005'),('SL0115','15','TP0005'),
('SL0116','16','TP0005'),('SL0117','17','TP0005'),('SL0118','18','TP0005'),('SL0119','19','TP0005'),('SL0120','20','TP0005'),
('SL0121','21','TP0005'),('SL0122','22','TP0005'),('SL0123','23','TP0005'),('SL0124','24','TP0005'),('SL0125','25','TP0005'),
('SL0126','26','TP0005'),('SL0127','27','TP0005'),('SL0128','28','TP0005'),('SL0129','29','TP0005'),('SL0130','30','TP0005'),
('SL0131','31','TP0005'),('SL0132','32','TP0005'),('SL0133','33','TP0005'),('SL0134','34','TP0005'),('SL0135','35','TP0005'),
('SL0136','36','TP0005'),('SL0137','37','TP0005'),('SL0138','38','TP0005'),('SL0139','39','TP0005'),('SL0140','40','TP0005'),

-- TP0006 MOBIL (Slot 141-150)
('SL0141','1','TP0006'),('SL0142','2','TP0006'),('SL0143','3','TP0006'),('SL0144','4','TP0006'),('SL0145','5','TP0006'),
('SL0146','6','TP0006'),('SL0147','7','TP0006'),('SL0148','8','TP0006'),('SL0149','9','TP0006'),('SL0150','10','TP0006'),

-- TP0007 MOTOR (Slot 151-190)
('SL0151','1','TP0007'),('SL0152','2','TP0007'),('SL0153','3','TP0007'),('SL0154','4','TP0007'),('SL0155','5','TP0007'),
('SL0156','6','TP0007'),('SL0157','7','TP0007'),('SL0158','8','TP0007'),('SL0159','9','TP0007'),('SL0160','10','TP0007'),
('SL0161','11','TP0007'),('SL0162','12','TP0007'),('SL0163','13','TP0007'),('SL0164','14','TP0007'),('SL0165','15','TP0007'),
('SL0166','16','TP0007'),('SL0167','17','TP0007'),('SL0168','18','TP0007'),('SL0169','19','TP0007'),('SL0170','20','TP0007'),
('SL0171','21','TP0007'),('SL0172','22','TP0007'),('SL0173','23','TP0007'),('SL0174','24','TP0007'),('SL0175','25','TP0007'),
('SL0176','26','TP0007'),('SL0177','27','TP0007'),('SL0178','28','TP0007'),('SL0179','29','TP0007'),('SL0180','30','TP0007'),
('SL0181','31','TP0007'),('SL0182','32','TP0007'),('SL0183','33','TP0007'),('SL0184','34','TP0007'),('SL0185','35','TP0007'),
('SL0186','36','TP0007'),('SL0187','37','TP0007'),('SL0188','38','TP0007'),('SL0189','39','TP0007'),('SL0190','40','TP0007'),

-- TP0008 MOBIL (Slot 191-200)
('SL0191','1','TP0008'),('SL0192','2','TP0008'),('SL0193','3','TP0008'),('SL0194','4','TP0008'),('SL0195','5','TP0008'),
('SL0196','6','TP0008'),('SL0197','7','TP0008'),('SL0198','8','TP0008'),('SL0199','9','TP0008'),('SL0200','10','TP0008'),

-- TP0009 MOTOR (Slot 201-240)
('SL0201','1','TP0009'),('SL0202','2','TP0009'),('SL0203','3','TP0009'),('SL0204','4','TP0009'),('SL0205','5','TP0009'),
('SL0206','6','TP0009'),('SL0207','7','TP0009'),('SL0208','8','TP0009'),('SL0209','9','TP0009'),('SL0210','10','TP0009'),
('SL0211','11','TP0009'),('SL0212','12','TP0009'),('SL0213','13','TP0009'),('SL0214','14','TP0009'),('SL0215','15','TP0009'),
('SL0216','16','TP0009'),('SL0217','17','TP0009'),('SL0218','18','TP0009'),('SL0219','19','TP0009'),('SL0220','20','TP0009'),
('SL0221','21','TP0009'),('SL0222','22','TP0009'),('SL0223','23','TP0009'),('SL0224','24','TP0009'),('SL0225','25','TP0009'),
('SL0226','26','TP0009'),('SL0227','27','TP0009'),('SL0228','28','TP0009'),('SL0229','29','TP0009'),('SL0230','30','TP0009'),
('SL0231','31','TP0009'),('SL0232','32','TP0009'),('SL0233','33','TP0009'),('SL0234','34','TP0009'),('SL0235','35','TP0009'),
('SL0236','36','TP0009'),('SL0237','37','TP0009'),('SL0238','38','TP0009'),('SL0239','39','TP0009'),('SL0240','40','TP0009'),

-- TP0010 MOBIL (Slot 241-250)
('SL0241','1','TP0010'),('SL0242','2','TP0010'),('SL0243','3','TP0010'),('SL0244','4','TP0010'),('SL0245','5','TP0010'),
('SL0246','6','TP0010'),('SL0247','7','TP0010'),('SL0248','8','TP0010'),('SL0249','9','TP0010'),('SL0250','10','TP0010'),

-- TP0011 MOTOR (Slot 251-290)
('SL0251','1','TP0011'),('SL0252','2','TP0011'),('SL0253','3','TP0011'),('SL0254','4','TP0011'),('SL0255','5','TP0011'),
('SL0256','6','TP0011'),('SL0257','7','TP0011'),('SL0258','8','TP0011'),('SL0259','9','TP0011'),('SL0260','10','TP0011'),
('SL0261','11','TP0011'),('SL0262','12','TP0011'),('SL0263','13','TP0011'),('SL0264','14','TP0011'),('SL0265','15','TP0011'),
('SL0266','16','TP0011'),('SL0267','17','TP0011'),('SL0268','18','TP0011'),('SL0269','19','TP0011'),('SL0270','20','TP0011'),
('SL0271','21','TP0011'),('SL0272','22','TP0011'),('SL0273','23','TP0011'),('SL0274','24','TP0011'),('SL0275','25','TP0011'),
('SL0276','26','TP0011'),('SL0277','27','TP0011'),('SL0278','28','TP0011'),('SL0279','29','TP0011'),('SL0280','30','TP0011'),
('SL0281','31','TP0011'),('SL0282','32','TP0011'),('SL0283','33','TP0011'),('SL0284','34','TP0011'),('SL0285','35','TP0011'),
('SL0286','36','TP0011'),('SL0287','37','TP0011'),('SL0288','38','TP0011'),('SL0289','39','TP0011'),('SL0290','40','TP0011'),

-- TP0012 MOBIL (Slot 291-300)
('SL0291','1','TP0012'),('SL0292','2','TP0012'),('SL0293','3','TP0012'),('SL0294','4','TP0012'),('SL0295','5','TP0012'),
('SL0296','6','TP0012'),('SL0297','7','TP0012'),('SL0298','8','TP0012'),('SL0299','9','TP0012'),('SL0300','10','TP0012'),

-- TP0013 MOTOR (Slot 301-340)
('SL0301','1','TP0013'),('SL0302','2','TP0013'),('SL0303','3','TP0013'),('SL0304','4','TP0013'),('SL0305','5','TP0013'),
('SL0306','6','TP0013'),('SL0307','7','TP0013'),('SL0308','8','TP0013'),('SL0309','9','TP0013'),('SL0310','10','TP0013'),
('SL0311','11','TP0013'),('SL0312','12','TP0013'),('SL0313','13','TP0013'),('SL0314','14','TP0013'),('SL0315','15','TP0013'),
('SL0316','16','TP0013'),('SL0317','17','TP0013'),('SL0318','18','TP0013'),('SL0319','19','TP0013'),('SL0320','20','TP0013'),
('SL0321','21','TP0013'),('SL0322','22','TP0013'),('SL0323','23','TP0013'),('SL0324','24','TP0013'),('SL0325','25','TP0013'),
('SL0326','26','TP0013'),('SL0327','27','TP0013'),('SL0328','28','TP0013'),('SL0329','29','TP0013'),('SL0330','30','TP0013'),
('SL0331','31','TP0013'),('SL0332','32','TP0013'),('SL0333','33','TP0013'),('SL0334','34','TP0013'),('SL0335','35','TP0013'),
('SL0336','36','TP0013'),('SL0337','37','TP0013'),('SL0338','38','TP0013'),('SL0339','39','TP0013'),('SL0340','40','TP0013'),

-- TP0014 MOBIL (Slot 341-350)
('SL0341','1','TP0014'),('SL0342','2','TP0014'),('SL0343','3','TP0014'),('SL0344','4','TP0014'),('SL0345','5','TP0014'),
('SL0346','6','TP0014'),('SL0347','7','TP0014'),('SL0348','8','TP0014'),('SL0349','9','TP0014'),('SL0350','10','TP0014'),

-- TP0015 MOTOR (Slot 351-390)
('SL0351','1','TP0015'),('SL0352','2','TP0015'),('SL0353','3','TP0015'),('SL0354','4','TP0015'),('SL0355','5','TP0015'),
('SL0356','6','TP0015'),('SL0357','7','TP0015'),('SL0358','8','TP0015'),('SL0359','9','TP0015'),('SL0360','10','TP0015'),
('SL0361','11','TP0015'),('SL0362','12','TP0015'),('SL0363','13','TP0015'),('SL0364','14','TP0015'),('SL0365','15','TP0015'),
('SL0366','16','TP0015'),('SL0367','17','TP0015'),('SL0368','18','TP0015'),('SL0369','19','TP0015'),('SL0370','20','TP0015'),
('SL0371','21','TP0015'),('SL0372','22','TP0015'),('SL0373','23','TP0015'),('SL0374','24','TP0015'),('SL0375','25','TP0015'),
('SL0376','26','TP0015'),('SL0377','27','TP0015'),('SL0378','28','TP0015'),('SL0379','29','TP0015'),('SL0380','30','TP0015'),
('SL0381','31','TP0015'),('SL0382','32','TP0015'),('SL0383','33','TP0015'),('SL0384','34','TP0015'),('SL0385','35','TP0015'),
('SL0386','36','TP0015'),('SL0387','37','TP0015'),('SL0388','38','TP0015'),('SL0389','39','TP0015'),('SL0390','40','TP0015'),

-- TP0016 MOBIL (Slot 391-400)
('SL0391','1','TP0016'),('SL0392','2','TP0016'),('SL0393','3','TP0016'),('SL0394','4','TP0016'),('SL0395','5','TP0016'),
('SL0396','6','TP0016'),('SL0397','7','TP0016'),('SL0398','8','TP0016'),('SL0399','9','TP0016'),('SL0400','10','TP0016'),

-- TP0017 MOTOR (Slot 401-440)
('SL0401','1','TP0017'),('SL0402','2','TP0017'),('SL0403','3','TP0017'),('SL0404','4','TP0017'),('SL0405','5','TP0017'),
('SL0406','6','TP0017'),('SL0407','7','TP0017'),('SL0408','8','TP0017'),('SL0409','9','TP0017'),('SL0410','10','TP0017'),
('SL0411','11','TP0017'),('SL0412','12','TP0017'),('SL0413','13','TP0017'),('SL0414','14','TP0017'),('SL0415','15','TP0017'),
('SL0416','16','TP0017'),('SL0417','17','TP0017'),('SL0418','18','TP0017'),('SL0419','19','TP0017'),('SL0420','20','TP0017'),
('SL0421','21','TP0017'),('SL0422','22','TP0017'),('SL0423','23','TP0017'),('SL0424','24','TP0017'),('SL0425','25','TP0017'),
('SL0426','26','TP0017'),('SL0427','27','TP0017'),('SL0428','28','TP0017'),('SL0429','29','TP0017'),('SL0430','30','TP0017'),
('SL0431','31','TP0017'),('SL0432','32','TP0017'),('SL0433','33','TP0017'),('SL0434','34','TP0017'),('SL0435','35','TP0017'),
('SL0436','36','TP0017'),('SL0437','37','TP0017'),('SL0438','38','TP0017'),('SL0439','39','TP0017'),('SL0440','40','TP0017'),

-- TP0018 MOBIL (Slot 441-450)
('SL0441','1','TP0018'),('SL0442','2','TP0018'),('SL0443','3','TP0018'),('SL0444','4','TP0018'),('SL0445','5','TP0018'),
('SL0446','6','TP0018'),('SL0447','7','TP0018'),('SL0448','8','TP0018'),('SL0449','9','TP0018'),('SL0450','10','TP0018'),

-- TP0019 MOTOR (Slot 451-490)
('SL0451','1','TP0019'),('SL0452','2','TP0019'),('SL0453','3','TP0019'),('SL0454','4','TP0019'),('SL0455','5','TP0019'),
('SL0456','6','TP0019'),('SL0457','7','TP0019'),('SL0458','8','TP0019'),('SL0459','9','TP0019'),('SL0460','10','TP0019'),
('SL0461','11','TP0019'),('SL0462','12','TP0019'),('SL0463','13','TP0019'),('SL0464','14','TP0019'),('SL0465','15','TP0019'),
('SL0466','16','TP0019'),('SL0467','17','TP0019'),('SL0468','18','TP0019'),('SL0469','19','TP0019'),('SL0470','20','TP0019'),
('SL0471','21','TP0019'),('SL0472','22','TP0019'),('SL0473','23','TP0019'),('SL0474','24','TP0019'),('SL0475','25','TP0019'),
('SL0476','26','TP0019'),('SL0477','27','TP0019'),('SL0478','28','TP0019'),('SL0479','29','TP0019'),('SL0480','30','TP0019'),
('SL0481','31','TP0019'),('SL0482','32','TP0019'),('SL0483','33','TP0019'),('SL0484','34','TP0019'),('SL0485','35','TP0019'),
('SL0486','36','TP0019'),('SL0487','37','TP0019'),('SL0488','38','TP0019'),('SL0489','39','TP0019'),('SL0490','40','TP0019'),

-- TP0020 MOBIL (Slot 491-500)
('SL0491','1','TP0020'),('SL0492','2','TP0020'),('SL0493','3','TP0020'),('SL0494','4','TP0020'),('SL0495','5','TP0020'),
('SL0496','6','TP0020'),('SL0497','7','TP0020'),('SL0498','8','TP0020'),('SL0499','9','TP0020'),('SL0500','10','TP0020'),

-- TP0021 MOTOR (Slot 501-540)
('SL0501','1','TP0021'),('SL0502','2','TP0021'),('SL0503','3','TP0021'),('SL0504','4','TP0021'),('SL0505','5','TP0021'),
('SL0506','6','TP0021'),('SL0507','7','TP0021'),('SL0508','8','TP0021'),('SL0509','9','TP0021'),('SL0510','10','TP0021'),
('SL0511','11','TP0021'),('SL0512','12','TP0021'),('SL0513','13','TP0021'),('SL0514','14','TP0021'),('SL0515','15','TP0021'),
('SL0516','16','TP0021'),('SL0517','17','TP0021'),('SL0518','18','TP0021'),('SL0519','19','TP0021'),('SL0520','20','TP0021'),
('SL0521','21','TP0021'),('SL0522','22','TP0021'),('SL0523','23','TP0021'),('SL0524','24','TP0021'),('SL0525','25','TP0021'),
('SL0526','26','TP0021'),('SL0527','27','TP0021'),('SL0528','28','TP0021'),('SL0529','29','TP0021'),('SL0530','30','TP0021'),
('SL0531','31','TP0021'),('SL0532','32','TP0021'),('SL0533','33','TP0021'),('SL0534','34','TP0021'),('SL0535','35','TP0021'),
('SL0536','36','TP0021'),('SL0537','37','TP0021'),('SL0538','38','TP0021'),('SL0539','39','TP0021'),('SL0540','40','TP0021'),

-- TP0022 MOBIL (Slot 541-550)
('SL0541','1','TP0022'),('SL0542','2','TP0022'),('SL0543','3','TP0022'),('SL0544','4','TP0022'),('SL0545','5','TP0022'),
('SL0546','6','TP0022'),('SL0547','7','TP0022'),('SL0548','8','TP0022'),('SL0549','9','TP0022'),('SL0550','10','TP0022'),

-- TP0023 MOTOR (Slot 551-590)
('SL0551','1','TP0023'),('SL0552','2','TP0023'),('SL0553','3','TP0023'),('SL0554','4','TP0023'),('SL0555','5','TP0023'),
('SL0556','6','TP0023'),('SL0557','7','TP0023'),('SL0558','8','TP0023'),('SL0559','9','TP0023'),('SL0560','10','TP0023'),
('SL0561','11','TP0023'),('SL0562','12','TP0023'),('SL0563','13','TP0023'),('SL0564','14','TP0023'),('SL0565','15','TP0023'),
('SL0566','16','TP0023'),('SL0567','17','TP0023'),('SL0568','18','TP0023'),('SL0569','19','TP0023'),('SL0570','20','TP0023'),
('SL0571','21','TP0023'),('SL0572','22','TP0023'),('SL0573','23','TP0023'),('SL0574','24','TP0023'),('SL0575','25','TP0023'),
('SL0576','26','TP0023'),('SL0577','27','TP0023'),('SL0578','28','TP0023'),('SL0579','29','TP0023'),('SL0580','30','TP0023'),
('SL0581','31','TP0023'),('SL0582','32','TP0023'),('SL0583','33','TP0023'),('SL0584','34','TP0023'),('SL0585','35','TP0023'),
('SL0586','36','TP0023'),('SL0587','37','TP0023'),('SL0588','38','TP0023'),('SL0589','39','TP0023'),('SL0590','40','TP0023'),

-- TP0024 MOBIL (Slot 591-600)
('SL0591','1','TP0024'),('SL0592','2','TP0024'),('SL0593','3','TP0024'),('SL0594','4','TP0024'),('SL0595','5','TP0024'),
('SL0596','6','TP0024'),('SL0597','7','TP0024'),('SL0598','8','TP0024'),('SL0599','9','TP0024'),('SL0600','10','TP0024'),

-- TP0025 MOTOR (Slot 601-640)
('SL0601','1','TP0025'),('SL0602','2','TP0025'),('SL0603','3','TP0025'),('SL0604','4','TP0025'),('SL0605','5','TP0025'),
('SL0606','6','TP0025'),('SL0607','7','TP0025'),('SL0608','8','TP0025'),('SL0609','9','TP0025'),('SL0610','10','TP0025'),
('SL0611','11','TP0025'),('SL0612','12','TP0025'),('SL0613','13','TP0025'),('SL0614','14','TP0025'),('SL0615','15','TP0025'),
('SL0616','16','TP0025'),('SL0617','17','TP0025'),('SL0618','18','TP0025'),('SL0619','19','TP0025'),('SL0620','20','TP0025'),
('SL0621','21','TP0025'),('SL0622','22','TP0025'),('SL0623','23','TP0025'),('SL0624','24','TP0025'),('SL0625','25','TP0025'),
('SL0626','26','TP0025'),('SL0627','27','TP0025'),('SL0628','28','TP0025'),('SL0629','29','TP0025'),('SL0630','30','TP0025'),
('SL0631','31','TP0025'),('SL0632','32','TP0025'),('SL0633','33','TP0025'),('SL0634','34','TP0025'),('SL0635','35','TP0025'),
('SL0636','36','TP0025'),('SL0637','37','TP0025'),('SL0638','38','TP0025'),('SL0639','39','TP0025'),('SL0640','40','TP0025'),

-- TP0026 MOBIL (Slot 641-650)
('SL0641','1','TP0026'),('SL0642','2','TP0026'),('SL0643','3','TP0026'),('SL0644','4','TP0026'),('SL0645','5','TP0026'),
('SL0646','6','TP0026'),('SL0647','7','TP0026'),('SL0648','8','TP0026'),('SL0649','9','TP0026'),('SL0650','10','TP0026'),

-- TP0027 MOTOR (Slot 651-690)
('SL0651','1','TP0027'),('SL0652','2','TP0027'),('SL0653','3','TP0027'),('SL0654','4','TP0027'),('SL0655','5','TP0027'),
('SL0656','6','TP0027'),('SL0657','7','TP0027'),('SL0658','8','TP0027'),('SL0659','9','TP0027'),('SL0660','10','TP0027'),
('SL0661','11','TP0027'),('SL0662','12','TP0027'),('SL0663','13','TP0027'),('SL0664','14','TP0027'),('SL0665','15','TP0027'),
('SL0666','16','TP0027'),('SL0667','17','TP0027'),('SL0668','18','TP0027'),('SL0669','19','TP0027'),('SL0670','20','TP0027'),
('SL0671','21','TP0027'),('SL0672','22','TP0027'),('SL0673','23','TP0027'),('SL0674','24','TP0027'),('SL0675','25','TP0027'),
('SL0676','26','TP0027'),('SL0677','27','TP0027'),('SL0678','28','TP0027'),('SL0679','29','TP0027'),('SL0680','30','TP0027'),
('SL0681','31','TP0027'),('SL0682','32','TP0027'),('SL0683','33','TP0027'),('SL0684','34','TP0027'),('SL0685','35','TP0027'),
('SL0686','36','TP0027'),('SL0687','37','TP0027'),('SL0688','38','TP0027'),('SL0689','39','TP0027'),('SL0690','40','TP0027'),

-- TP0028 MOBIL (Slot 691-700)
('SL0691','1','TP0028'),('SL0692','2','TP0028'),('SL0693','3','TP0028'),('SL0694','4','TP0028'),('SL0695','5','TP0028'),
('SL0696','6','TP0028'),('SL0697','7','TP0028'),('SL0698','8','TP0028'),('SL0699','9','TP0028'),('SL0700','10','TP0028'),

-- TP0029 MOTOR (Slot 701-740)
('SL0701','1','TP0029'),('SL0702','2','TP0029'),('SL0703','3','TP0029'),('SL0704','4','TP0029'),('SL0705','5','TP0029'),
('SL0706','6','TP0029'),('SL0707','7','TP0029'),('SL0708','8','TP0029'),('SL0709','9','TP0029'),('SL0710','10','TP0029'),
('SL0711','11','TP0029'),('SL0712','12','TP0029'),('SL0713','13','TP0029'),('SL0714','14','TP0029'),('SL0715','15','TP0029'),
('SL0716','16','TP0029'),('SL0717','17','TP0029'),('SL0718','18','TP0029'),('SL0719','19','TP0029'),('SL0720','20','TP0029'),
('SL0721','21','TP0029'),('SL0722','22','TP0029'),('SL0723','23','TP0029'),('SL0724','24','TP0029'),('SL0725','25','TP0029'),
('SL0726','26','TP0029'),('SL0727','27','TP0029'),('SL0728','28','TP0029'),('SL0729','29','TP0029'),('SL0730','30','TP0029'),
('SL0731','31','TP0029'),('SL0732','32','TP0029'),('SL0733','33','TP0029'),('SL0734','34','TP0029'),('SL0735','35','TP0029'),
('SL0736','36','TP0029'),('SL0737','37','TP0029'),('SL0738','38','TP0029'),('SL0739','39','TP0029'),('SL0740','40','TP0029'),

-- TP0030 MOBIL (Slot 741-750)
('SL0741','1','TP0030'),('SL0742','2','TP0030'),('SL0743','3','TP0030'),('SL0744','4','TP0030'),('SL0745','5','TP0030'),
('SL0746','6','TP0030'),('SL0747','7','TP0030'),('SL0748','8','TP0030'),('SL0749','9','TP0030'),('SL0750','10','TP0030'),

-- TP0031 MOTOR (Slot 751-790)
('SL0751','1','TP0031'),('SL0752','2','TP0031'),('SL0753','3','TP0031'),('SL0754','4','TP0031'),('SL0755','5','TP0031'),
('SL0756','6','TP0031'),('SL0757','7','TP0031'),('SL0758','8','TP0031'),('SL0759','9','TP0031'),('SL0760','10','TP0031'),
('SL0761','11','TP0031'),('SL0762','12','TP0031'),('SL0763','13','TP0031'),('SL0764','14','TP0031'),('SL0765','15','TP0031'),
('SL0766','16','TP0031'),('SL0767','17','TP0031'),('SL0768','18','TP0031'),('SL0769','19','TP0031'),('SL0770','20','TP0031'),
('SL0771','21','TP0031'),('SL0772','22','TP0031'),('SL0773','23','TP0031'),('SL0774','24','TP0031'),('SL0775','25','TP0031'),
('SL0776','26','TP0031'),('SL0777','27','TP0031'),('SL0778','28','TP0031'),('SL0779','29','TP0031'),('SL0780','30','TP0031'),
('SL0781','31','TP0031'),('SL0782','32','TP0031'),('SL0783','33','TP0031'),('SL0784','34','TP0031'),('SL0785','35','TP0031'),
('SL0786','36','TP0031'),('SL0787','37','TP0031'),('SL0788','38','TP0031'),('SL0789','39','TP0031'),('SL0790','40','TP0031'),

-- TP0032 MOBIL (Slot 791-800)
('SL0791','1','TP0032'),('SL0792','2','TP0032'),('SL0793','3','TP0032'),('SL0794','4','TP0032'),('SL0795','5','TP0032'),
('SL0796','6','TP0032'),('SL0797','7','TP0032'),('SL0798','8','TP0032'),('SL0799','9','TP0032'),('SL0800','10','TP0032'),

-- TP0033 MOTOR (Slot 801-840)
('SL0801','1','TP0033'),('SL0802','2','TP0033'),('SL0803','3','TP0033'),('SL0804','4','TP0033'),('SL0805','5','TP0033'),
('SL0806','6','TP0033'),('SL0807','7','TP0033'),('SL0808','8','TP0033'),('SL0809','9','TP0033'),('SL0810','10','TP0033'),
('SL0811','11','TP0033'),('SL0812','12','TP0033'),('SL0813','13','TP0033'),('SL0814','14','TP0033'),('SL0815','15','TP0033'),
('SL0816','16','TP0033'),('SL0817','17','TP0033'),('SL0818','18','TP0033'),('SL0819','19','TP0033'),('SL0820','20','TP0033'),
('SL0821','21','TP0033'),('SL0822','22','TP0033'),('SL0823','23','TP0033'),('SL0824','24','TP0033'),('SL0825','25','TP0033'),
('SL0826','26','TP0033'),('SL0827','27','TP0033'),('SL0828','28','TP0033'),('SL0829','29','TP0033'),('SL0830','30','TP0033'),
('SL0831','31','TP0033'),('SL0832','32','TP0033'),('SL0833','33','TP0033'),('SL0834','34','TP0033'),('SL0835','35','TP0033'),
('SL0836','36','TP0033'),('SL0837','37','TP0033'),('SL0838','38','TP0033'),('SL0839','39','TP0033'),('SL0840','40','TP0033'),

-- TP0034 MOBIL (Slot 841-850)
('SL0841','1','TP0034'),('SL0842','2','TP0034'),('SL0843','3','TP0034'),('SL0844','4','TP0034'),('SL0845','5','TP0034'),
('SL0846','6','TP0034'),('SL0847','7','TP0034'),('SL0848','8','TP0034'),('SL0849','9','TP0034'),('SL0850','10','TP0034'),

-- TP0035 MOTOR (Slot 851-890)
('SL0851','1','TP0035'),('SL0852','2','TP0035'),('SL0853','3','TP0035'),('SL0854','4','TP0035'),('SL0855','5','TP0035'),
('SL0856','6','TP0035'),('SL0857','7','TP0035'),('SL0858','8','TP0035'),('SL0859','9','TP0035'),('SL0860','10','TP0035'),
('SL0861','11','TP0035'),('SL0862','12','TP0035'),('SL0863','13','TP0035'),('SL0864','14','TP0035'),('SL0865','15','TP0035'),
('SL0866','16','TP0035'),('SL0867','17','TP0035'),('SL0868','18','TP0035'),('SL0869','19','TP0035'),('SL0870','20','TP0035'),
('SL0871','21','TP0035'),('SL0872','22','TP0035'),('SL0873','23','TP0035'),('SL0874','24','TP0035'),('SL0875','25','TP0035'),
('SL0876','26','TP0035'),('SL0877','27','TP0035'),('SL0878','28','TP0035'),('SL0879','29','TP0035'),('SL0880','30','TP0035'),
('SL0881','31','TP0035'),('SL0882','32','TP0035'),('SL0883','33','TP0035'),('SL0884','34','TP0035'),('SL0885','35','TP0035'),
('SL0886','36','TP0035'),('SL0887','37','TP0035'),('SL0888','38','TP0035'),('SL0889','39','TP0035'),('SL0890','40','TP0035'),

-- TP0036 MOBIL (Slot 891-900)
('SL0891','1','TP0036'),('SL0892','2','TP0036'),('SL0893','3','TP0036'),('SL0894','4','TP0036'),('SL0895','5','TP0036'),
('SL0896','6','TP0036'),('SL0897','7','TP0036'),('SL0898','8','TP0036'),('SL0899','9','TP0036'),('SL0900','10','TP0036'),

-- TP0037 MOTOR (Slot 901-940)
('SL0901','1','TP0037'),('SL0902','2','TP0037'),('SL0903','3','TP0037'),('SL0904','4','TP0037'),('SL0905','5','TP0037'),
('SL0906','6','TP0037'),('SL0907','7','TP0037'),('SL0908','8','TP0037'),('SL0909','9','TP0037'),('SL0910','10','TP0037'),
('SL0911','11','TP0037'),('SL0912','12','TP0037'),('SL0913','13','TP0037'),('SL0914','14','TP0037'),('SL0915','15','TP0037'),
('SL0916','16','TP0037'),('SL0917','17','TP0037'),('SL0918','18','TP0037'),('SL0919','19','TP0037'),('SL0920','20','TP0037'),
('SL0921','21','TP0037'),('SL0922','22','TP0037'),('SL0923','23','TP0037'),('SL0924','24','TP0037'),('SL0925','25','TP0037'),
('SL0926','26','TP0037'),('SL0927','27','TP0037'),('SL0928','28','TP0037'),('SL0929','29','TP0037'),('SL0930','30','TP0037'),
('SL0931','31','TP0037'),('SL0932','32','TP0037'),('SL0933','33','TP0037'),('SL0934','34','TP0037'),('SL0935','35','TP0037'),
('SL0936','36','TP0037'),('SL0937','37','TP0037'),('SL0938','38','TP0037'),('SL0939','39','TP0037'),('SL0940','40','TP0037'),

-- TP0038 MOBIL (Slot 941-950)
('SL0941','1','TP0038'),('SL0942','2','TP0038'),('SL0943','3','TP0038'),('SL0944','4','TP0038'),('SL0945','5','TP0038'),
('SL0946','6','TP0038'),('SL0947','7','TP0038'),('SL0948','8','TP0038'),('SL0949','9','TP0038'),('SL0950','10','TP0038'),

-- TP0039 MOTOR (Slot 951-990)
('SL0951','1','TP0039'),('SL0952','2','TP0039'),('SL0953','3','TP0039'),('SL0954','4','TP0039'),('SL0955','5','TP0039'),
('SL0956','6','TP0039'),('SL0957','7','TP0039'),('SL0958','8','TP0039'),('SL0959','9','TP0039'),('SL0960','10','TP0039'),
('SL0961','11','TP0039'),('SL0962','12','TP0039'),('SL0963','13','TP0039'),('SL0964','14','TP0039'),('SL0965','15','TP0039'),
('SL0966','16','TP0039'),('SL0967','17','TP0039'),('SL0968','18','TP0039'),('SL0969','19','TP0039'),('SL0970','20','TP0039'),
('SL0971','21','TP0039'),('SL0972','22','TP0039'),('SL0973','23','TP0039'),('SL0974','24','TP0039'),('SL0975','25','TP0039'),
('SL0976','26','TP0039'),('SL0977','27','TP0039'),('SL0978','28','TP0039'),('SL0979','29','TP0039'),('SL0980','30','TP0039'),
('SL0981','31','TP0039'),('SL0982','32','TP0039'),('SL0983','33','TP0039'),('SL0984','34','TP0039'),('SL0985','35','TP0039'),
('SL0986','36','TP0039'),('SL0987','37','TP0039'),('SL0988','38','TP0039'),('SL0989','39','TP0039'),('SL0990','40','TP0039'),

-- TP0040 MOBIL (Slot 991-1000)
('SL0991','1','TP0040'),('SL0992','2','TP0040'),('SL0993','3','TP0040'),('SL0994','4','TP0040'),('SL0995','5','TP0040'),
('SL0996','6','TP0040'),('SL0997','7','TP0040'),('SL0998','8','TP0040'),('SL0999','9','TP0040'),('SL1000','10','TP0040');



INSERT INTO internal_its (id_internal, nama_internal, status_internal, no_telp)
VALUES
('5025251222', 'Joel Angga', 'MH', '081234567890'),
('5025251010', 'Anggun Ilham', 'MH', '081122334455'),
('5025251200', 'Ahmad Yani', 'MH', '081313243546'),
('5018023893', 'Indi Ika', 'MH', '089012901001'),
('5001023801', 'Popo Imam', 'MH', '081287845673'),
('5012389134', 'Laka Oki', 'MH', '083157486591'),
('5012673489', 'Bidi Pop', 'MH', '081234567890'),
('5089127845', 'Loki Puk', 'MH', '081122334455'),
('5071823812', 'Kumar Ami', 'MH', '087812894598'),
('5057483928', 'Raka Wirawan', 'MH', '081762349812'),
('5098347823', 'Dimas Prabowo', 'MH', '082145673902'),
('5009988776', 'Sandi Mahendra', 'MH', '083917264580'),
('5098237898', 'Fanya Laras', 'MH', '089551203478'),
('5009982378', 'Hana Putri', 'MH', '081934875612'),
('5098782389', 'Bagas Firmansyah', 'MH', '082345781900'),
('5089128909', 'Nara Juliansyah', 'MH', '081702934556'),
('5098347822', 'Tania Wulandari', 'MH', '085613247891'),
('5098127890', 'Reno Adyatma', 'MH', '087543210987'),
('5019283746', 'Gilang Saputra', 'MH', '081942385671'),
('5037819245', 'Nadia Permata', 'MH', '082317564980'),
('5064928173', 'Rizky Hartanto', 'MH', '083812907456'),
('5047283910', 'Sela Nuraini', 'MH', '089652341780'),
('5001983742', 'Dion Prasetyo', 'MH', '081903457812'),
('5074839201', 'Mira Lestari', 'MH', '082715940362'),
('5091827364', 'Aditya Firmansyah', 'MH', '081765209834'),
('5057834129', 'Karin Melati', 'MH', '085719034562'),
('5029183745', 'Samuel Oktavian', 'MH', '087932165478'),
('5093817462', 'Rafli Gustama', 'MH', '081932745601'),
('5046982317', 'Clara Yovita', 'MH', '082503194876'),
('5039172846', 'Dewa Saputro', 'MH', '083725091643'),
('5076234198', 'Rani Oktaviani', 'MH', '089471203659'),
('5091748263', 'Ilham Darmawan', 'MH', '081943765201'),
('5068374920', 'Sinta Maharani', 'MH', '082613795024'),
('5082719364', 'Fikri Ramadhan', 'MH', '081704932168'),
('5019374628', 'Tiara Anggraini', 'MH', '085612739048'),
('5098472613', 'Danu Wiratama', 'MH', '087543981620'),
('5049137286', 'Arvin Maheswara', 'MH', '081945372610'),
('5067821934', 'Safira Ardana', 'MH', '082317905462'),
('5019283475', 'Yusuf Faizal', 'MH', '083917204586'),
('5037418290', 'Rania Putri', 'MH', '089652734120'),
('5001829476', 'Davin Permadi', 'MH', '081904872316'),
('5076129438', 'Melani Sari', 'MH', '082716940538'),
('5092748361', 'Rafa Prakasa', 'MH', '081765238904'),
('5058394712', 'Citra Ayuning', 'MH', '085719302468'),
('5029173486', 'Jonathan Setiawan', 'MH', '087936214508'),
('5093812746', 'Alya Wulandari', 'MH', '081932745820'),
('5046829175', 'Zidan Mahardika', 'MH', '082503719684'),
('5039718426', 'Suryo Baskara', 'MH', '083725091820'),
('5076348921', 'Meylani Oktavia', 'MH', '089471205637'),
('5091724835', 'Fahri Alamsyah', 'MH', '081943765489'),
('5068371294', 'Nisrina Maharani', 'MH', '082613794501'),
('5082793146', 'Rizal Pranata', 'MH', '081704932715'),
('5019734625', 'Dewi Anggriani', 'MH', '085612739560'),
('5098472631', 'Andra Wiradika', 'MH', '087543981204'),
('5019237846', 'Fikri Nugraha', 'MH', '081945372168'),
('5037819425', 'Laras Anggun', 'MH', '082317564912'),
('5064928731', 'Samuel Hartadi', 'MH', '083812907613'),
('5047283190', 'Elisa Febriana', 'MH', '089652341915'),
('5001983472', 'Kevin Pradipta', 'MH', '081903457621'),
('5074839210', 'Tania Melinda', 'MH', '082715940613'),
('5091827634', 'Reza Firmanda', 'MH', '081765209672'),
('5057834912', 'Claudia Melani', 'MH', '085719034785'),
('5029183749', 'Bryan Oktavian', 'MH', '087932165214'),
('5093817642', 'Davin Gustama', 'MH', '081932745310'),
('5046982371', 'Nayla Yovita', 'MH', '082503194531'),
('5039172486', 'Rafly Saputra', 'MH', '083725091357'),
('5076234192', 'Nayara Oktaviani', 'MH', '089471203281'),
('5091748632', 'Ardi Darmawan', 'MH', '081943765920'),
('5068374921', 'Saskia Maharani', 'MH', '082613795210'),
('5082719634', 'Gema Ramadhan', 'MH', '081704932864'),
('5019374621', 'Keyla Anggraini', 'MH', '085612739814'),
('5098472163', 'Reno Wiratama', 'MH', '087543981456'),
('1029384756', 'Dr. Andi Supriyanto', 'TD', '081927364512'),
('1092847563', 'Prof. Lilis Kurniasih', 'TD', '082134975620'),
('1173928465', 'Dr. Rendra Wijaya', 'TD', '083912764501'),
('1264839571', 'Dr. Maria Febriani', 'TD', '087612349875'),
('1357924680', 'Prof. Hendra Prakoso', 'TD', '081743290165'),
('1482736590', 'Dr. Santi Lestari', 'TD', '082593471026'),
('1526374890', 'Dr. Bambang Santoso', 'TD', '081765329480'),
('1638492751', 'Dr. Dwi Hartanti', 'TD', '089612347801'),
('1749263850', 'Dr. Yudi Prasetya', 'TD', '085719204362'),
('1829374650', 'Dr. Intan Setyaningrum', 'TD', '087932164850'),
('1938472651', 'Prof. Johan Utama', 'TD', '081945720318'),
('2049583726', 'Dr. Ratna Dewi', 'TD', '082703194825'),
('2159374628', 'Dr. Fajar Nugroho', 'TD', '083725194603'),
('2263849570', 'Dr. Dina Oktaviani', 'TD', '089471203512'),
('2394857162', 'Prof. Ahmad Darmawan', 'TD', '081943765720'),
('2475938261', 'Dr. Silvia Maharani', 'TD', '082613794210'),
('2591378460', 'Dr. Hafiz Ramadhan', 'TD', '081704932915'),
('2684953712', 'Dr. Nurul Anggraini', 'TD', '085612739421'),
('2791348650', 'Prof. Rio Wiratama', 'TD', '087543981624');


INSERT INTO kendaraan (id_kendaraan, jenis_kendaraan, nomor_polisi, internal_its_id_internal) VALUES
('KD0001', 'Motor', 'B1234AF', '5025251222'),
('KD0002', 'Mobil', 'L8273BG', '5025251010'),
('KD0003', 'Motor', 'W3921DK', '5025251200'),
('KD0004', 'Mobil', 'N5823CA', '5018023893'),
('KD0005', 'Motor', 'M7452FD', '5001023801'),
('KD0006', 'Mobil', 'L1294GH', '5012389134'),
('KD0007', 'Motor', 'B9842JJ', '5012673489'),
('KD0008', 'Motor', 'AG6721LK', '5089127845'),
('KD0009', 'Mobil', 'AE4529MD', '5071823812'),
('KD0010', 'Motor', 'L7239NN', '5057483928'),
('KD0011', 'Mobil', 'W8123PA', '5098347823'),
('KD0012', 'Motor', 'B4910QC', '5009988776'),
('KD0013', 'Mobil', 'L9021RD', '5098237898'),
('KD0014', 'Motor', 'AE5834SK', '5009982378'),
('KD0015', 'Mobil', 'AG7142TT', '5098782389'),
('KD0016', 'Motor', 'W6139UA', '5089128909'),
('KD0017', 'Mobil', 'N5930VB', '5098347822'),
('KD0018', 'Motor', 'L3812WC', '5098127890'),
('KD0019', 'Mobil', 'B9823XD', '5019283746'),
('KD0020', 'Motor', 'AE6719YE', '5037819245'),
('KD0021', 'Mobil', 'W5832ZF', '5064928173'),
('KD0022', 'Motor', 'L4972AG', '5047283910'),
('KD0023', 'Mobil', 'AG1294BH', '5001983742'),
('KD0024', 'Motor', 'B6927CJ', '5074839201'),
('KD0025', 'Mobil', 'N7135DK', '5091827364'),
('KD0026', 'Motor', 'AD5839EL', '5057834129'),
('KD0027', 'Mobil', 'L1740FM', '5029183745'),
('KD0028', 'Motor', 'W9042GA', '5093817462'),
('KD0029', 'Mobil', 'AE6729HB', '5046982317'),
('KD0030', 'Motor', 'B5914IC', '5039172846'),
('KD0031', 'Mobil', 'L4713JD', '5076234198'),
('KD0032', 'Motor', 'N9831KE', '5091748263'),
('KD0033', 'Mobil', 'AD5372LF', '5068374920'),
('KD0034', 'Motor', 'AG8621MG', '5082719364'),
('KD0035', 'Mobil', 'W1297NH', '5019374628'),
('KD0036', 'Motor', 'B5713PJ', '5098472613'),
('KD0037', 'Mobil', 'AE2374QK', '5049137286'),
('KD0038', 'Motor', 'L8934RL', '5067821934'),
('KD0039', 'Mobil', 'N4175SM', '5019283475'),
('KD0040', 'Motor', 'W2601TN', '5037418290'),
('KD0041', 'Mobil', 'L7192UP', '5001829476'),
('KD0042', 'Motor', 'AG9543VQ', '5076129438'),
('KD0043', 'Mobil', 'B1284WR', '5092748361'),
('KD0044', 'Motor', 'AE9721XS', '5058394712'),
('KD0045', 'Mobil', 'N5612YT', '5029173486'),
('KD0046', 'Motor', 'L8937ZU', '5093812746'),
('KD0047', 'Mobil', 'AD3429AV', '5046829175'),
('KD0048', 'Motor', 'AG7319BW', '5039718426'),
('KD0049', 'Mobil', 'W5927CX', '5076348921'),
('KD0050', 'Motor', 'B7831DY', '5091724835'),
('KD0051', 'Mobil', 'L1283EZ', '5068371294'),
('KD0052', 'Motor', 'AE9834FA', '5082793146'),
('KD0053', 'Mobil', 'N6734GB', '5019734625'),
('KD0054', 'Motor', 'AD2574HC', '5098472631'),
('KD0055', 'Mobil', 'AG8912JD', '5019237846'),
('KD0056', 'Motor', 'W7421KE', '5037819425'),
('KD0057', 'Mobil', 'L1093LF', '5064928731'),
('KD0058', 'Motor', 'N3281MG', '5047283190'),
('KD0059', 'Mobil', 'B2731NH', '5001983472'),
('KD0060', 'Motor', 'AE4912PJ', '5074839210'),
('KD0061', 'Mobil', 'W6821QK', '5091827634'),
('KD0062', 'Motor', 'L1834RL', '5057834912'),
('KD0063', 'Mobil', 'AG7521SM', '5029183749'),
('KD0064', 'Motor', 'N9742TN', '5093817642'),
('KD0065', 'Mobil', 'W6382UP', '5046982371'),
('KD0066', 'Motor', 'L3029VQ', '5039172486'),
('KD0067', 'Mobil', 'AE9217WR', '5076234192'),
('KD0068', 'Motor', 'B4583XS', '5091748632'),
('KD0069', 'Mobil', 'AD2374YT', '5068374921'),
('KD0070', 'Motor', 'AG8341ZU', '5082719634'),
('KD0071', 'Mobil', 'N6841AV', '5019374621'),
('KD0072', 'Motor', 'L4713BW', '5098472163'),
('KD0073', 'Mobil', 'W8193CX', '1029384756'),
('KD0074', 'Motor', 'AE6149DY', '1092847563'),
('KD0075', 'Mobil', 'AG5293EZ', '1173928465'),
('KD0076', 'Motor', 'B4629FA', '1264839571'),
('KD0077', 'Mobil', 'N7913GB', '1357924680'),
('KD0078', 'Motor', 'L3629HC', '1482736590'),
('KD0079', 'Mobil', 'W5731JD', '1526374890'),
('KD0080', 'Motor', 'AE3164KE', '1638492751'),
('KD0081', 'Mobil', 'B8241LF', '1749263850'),
('KD0082', 'Motor', 'N1938MG', '1829374650'),
('KD0083', 'Mobil', 'AG4328NH', '1938472651'),
('KD0084', 'Motor', 'AD6138PJ', '2049583726'),
('KD0085', 'Mobil', 'W9283QK', '2159374628'),
('KD0086', 'Motor', 'L5723RL', '2263849570'),
('KD0087', 'Mobil', 'B1843SM', '2394857162'),
('KD0088', 'Motor', 'AE6729TN', '2475938261'),
('KD0089', 'Mobil', 'AG2019UP', '2591378460'),
('KD0090', 'Motor', 'N8291VQ', '2684953712'),
('KD0091', 'Mobil', 'AD7382WR', '2791348650');


INSERT INTO mahasiswa (nrp, nama_mahasis, internal_its_id) 
VALUES
('5025251222', 'Joel Angga', '5025251222'),
('5025251010', 'Anggun Ilham', '5025251010'),
('5025251200', 'Ahmad Yani', '5025251200'),
('5018023893', 'Indi Ika', '5018023893'),
('5001023801', 'Popo Imam', '5001023801'),
('5012389134', 'Laka Oki', '5012389134'),
('5012673489', 'Bidi Pop', '5012673489'),
('5089127845', 'Loki Puk', '5089127845'),
('5071823812', 'Kumar Ami', '5071823812'),
('5057483928', 'Raka Wirawan', '5057483928'),
('5098347823', 'Dimas Prabowo', '5098347823'),
('5009988776', 'Sandi Mahendra', '5009988776'),
('5098237898', 'Fanya Laras', '5098237898'),
('5009982378', 'Hana Putri', '5009982378'),
('5098782389', 'Bagas Firmansyah', '5098782389'),
('5089128909', 'Nara Juliansyah', '5089128909'),
('5098347822', 'Tania Wulandari', '5098347823'),
('5098127890', 'Reno Adyatma', '5098127890'),
('5019283746', 'Gilang Saputra', '5019283746'),
('5037819245', 'Nadia Permata', '5037819245'),
('5064928173', 'Rizky Hartanto', '5064928173'),
('5047283910', 'Sela Nuraini', '5047283910'),
('5001983742', 'Dion Prasetyo', '5001983742'),
('5074839201', 'Mira Lestari', '5074839201'),
('5091827364', 'Aditya Firmansyah', '5091827364'),
('5057834129', 'Karin Melati', '5057834129'),
('5029183745', 'Samuel Oktavian', '5029183745'),
('5093817462', 'Rafli Gustama', '5093817462'),
('5046982317', 'Clara Yovita', '5046982317'),
('5039172846', 'Dewa Saputro', '5039172846'),
('5076234198', 'Rani Oktaviani', '5076234198'),
('5091748263', 'Ilham Darmawan', '5091748263'),
('5068374920', 'Sinta Maharani', '5068374920'),
('5082719364', 'Fikri Ramadhan', '5082719364'),
('5019374628', 'Tiara Anggraini', '5019374628'),
('5098472613', 'Danu Wiratama', '5098472613'),
('5049137286', 'Arvin Maheswara', '5049137286'),
('5067821934', 'Safira Ardana', '5067821934'),
('5019283475', 'Yusuf Faizal', '5019283475'),
('5037418290', 'Rania Putri', '5037418290'),
('5001829476', 'Davin Permadi', '5001829476'),
('5076129438', 'Melani Sari', '5076129438'),
('5092748361', 'Rafa Prakasa', '5092748361'),
('5058394712', 'Citra Ayuning', '5058394712'),
('5029173486', 'Jonathan Setiawan', '5029173486'),
('5093812746', 'Alya Wulandari', '5093812746'),
('5046829175', 'Zidan Mahardika', '5046829175'),
('5039718426', 'Suryo Baskara', '5039718426'),
('5076348921', 'Meylani Oktavia', '5076348921'),
('5091724835', 'Fahri Alamsyah', '5091724835'),
('5068371294', 'Nisrina Maharani', '5068371294'),
('5082793146', 'Rizal Pranata', '5082793146'),
('5019734625', 'Dewi Anggriani', '5019734625'),
('5098472631', 'Andra Wiradika', '5098472631'),
('5019237846', 'Fikri Nugraha', '5019237846'),
('5037819425', 'Laras Anggun', '5037819425'),
('5064928731', 'Samuel Hartadi', '5064928731'),
('5047283190', 'Elisa Febriana', '5047283190'),
('5001983472', 'Kevin Pradipta', '5001983472'),
('5074839210', 'Tania Melinda', '5074839210'),
('5091827634', 'Reza Firmanda', '5091827634'),
('5057834912', 'Claudia Melani', '5057834912'),
('5029183749', 'Bryan Oktavian', '5029183749'),
('5093817642', 'Davin Gustama', '5093817642'),
('5046982371', 'Nayla Yovita', '5046982371'),
('5039172486', 'Rafly Saputra', '5039172486'),
('5076234192', 'Nayara Oktaviani', '5076234192'),
('5091748632', 'Ardi Darmawan', '5091748632'),
('5068374921', 'Saskia Maharani', '5068374921'),
('5082719634', 'Gema Ramadhan', '5082719634'),
('5019374621', 'Keyla Anggraini', '5019374621'),
('5098472163', 'Reno Wiratama', '5098472163');

INSERT INTO dosen (nidn_dosen, nama_dosen, internal_its_id)
VALUES
('1029384756', 'Dr. Andi Supriyanto', '1029384756'),
('1092847563', 'Prof. Lilis Kurniasih', '1092847563'),
('1173928465', 'Dr. Rendra Wijaya', '1173928465'),
('1264839571', 'Dr. Maria Febriani', '1264839571'),
('1357924680', 'Prof. Hendra Prakoso', '1357924680'),
('1482736590', 'Dr. Santi Lestari', '1482736590'),
('1526374890', 'Dr. Bambang Santoso', '1526374890'),
('1638492751', 'Dr. Dwi Hartanti', '1638492751'),
('1749263850', 'Dr. Yudi Prasetya', '1749263850'),
('1829374650', 'Dr. Intan Setyaningrum', '1829374650'),
('1938472651', 'Prof. Johan Utama', '1938472651'),
('2049583726', 'Dr. Ratna Dewi', '2049583726'),
('2159374628', 'Dr. Fajar Nugroho', '2159374628'),
('2263849570', 'Dr. Dina Oktaviani', '2263849570'),
('2394857162', 'Prof. Ahmad Darmawan', '2394857162'),
('2475938261', 'Dr. Silvia Maharani', '2475938261'),
('2591378460', 'Dr. Hafiz Ramadhan', '2591378460'),
('2684953712', 'Dr. Nurul Anggraini', '2684953712'),
('2791348650', 'Prof. Rio Wiratama', '2791348650');


INSERT INTO parkir_log (id_log, waktu_masuk, waktu_keluar, slot_parkir_id_slot, kendaraan_id_kendaraan) VALUES
('LG0001','2025-01-04 07:12:11','2025-01-04 09:33:19',  'SL0027','KD0007'),
('LG0002','2025-01-04 07:22:44', NULL,                   'SL0315',NULL),
('LG0003','2025-01-04 07:33:20','2025-01-04 11:15:55',  'SL0468','KD0023'),
('LG0004','2025-01-04 07:41:02', NULL,                   'SL0812',NULL),
('LG0005','2025-01-04 07:55:10','2025-01-04 12:02:12',  'SL0532','KD0055'),
('LG0006','2025-01-04 08:01:33', NULL,                   'SL0174',NULL),
('LG0007','2025-01-04 08:12:50','2025-01-04 10:22:11',  'SL0063','KD0012'),
('LG0008','2025-01-04 08:21:44', NULL,                   'SL0702',NULL),
('LG0009','2025-01-04 08:33:01','2025-01-04 13:00:24',  'SL0882','KD0067'),
('LG0010','2025-01-04 08:45:55', NULL,                   'SL0947',NULL),

('LG0011','2025-01-04 07:13:40','2025-01-04 10:45:22', 'SL0112','KD0003'),
('LG0012','2025-01-04 07:18:19', NULL,                  'SL0544',NULL),
('LG0013','2025-01-04 07:26:55','2025-01-04 12:11:19', 'SL0278','KD0038'),
('LG0014','2025-01-04 07:39:10', NULL,                  'SL0691',NULL),
('LG0015','2025-01-04 07:52:33','2025-01-04 11:21:55', 'SL0057','KD0019'),
('LG0016','2025-01-04 08:03:41', NULL,                  'SL0948',NULL),
('LG0017','2025-01-04 08:11:02','2025-01-04 14:02:45', 'SL0324','KD0051'),
('LG0018','2025-01-04 08:22:34', NULL,                  'SL0443',NULL),
('LG0019','2025-01-04 08:31:18','2025-01-04 11:56:30', 'SL0905','KD0029'),
('LG0020','2025-01-04 08:47:59', NULL,                  'SL0615',NULL),

('LG0021','2025-01-04 07:02:14','2025-01-04 10:14:22', 'SL0145','KD0048'),
('LG0022','2025-01-04 07:11:39', NULL,                  'SL0373',NULL),
('LG0023','2025-01-04 07:23:51','2025-01-04 09:55:40', 'SL0222','KD0024'),
('LG0024','2025-01-04 07:37:10', NULL,                  'SL0974',NULL),
('LG0025','2025-01-04 07:48:12','2025-01-04 12:33:59', 'SL0082','KD0060'),
('LG0026','2025-01-04 08:00:55', NULL,                  'SL0499',NULL),
('LG0027','2025-01-04 08:12:22','2025-01-04 15:01:01', 'SL0362','KD0075'),
('LG0028','2025-01-04 08:24:45', NULL,                  'SL0188',NULL),
('LG0029','2025-01-04 08:35:12','2025-01-04 11:11:11', 'SL0725','KD0014'),
('LG0030','2025-01-04 08:44:59', NULL,                  'SL0948',NULL),

('LG0031','2025-01-04 07:01:20','2025-01-04 10:20:33', 'SL0014','KD0009'),
('LG0032','2025-01-04 07:18:51', NULL,                  'SL0432',NULL),
('LG0033','2025-01-04 07:29:02','2025-01-04 12:42:10', 'SL0508','KD0040'),
('LG0034','2025-01-04 07:41:50', NULL,                  'SL0874',NULL),
('LG0035','2025-01-04 07:52:19','2025-01-04 11:45:59', 'SL0231','KD0032'),
('LG0036','2025-01-04 08:05:10', NULL,                  'SL0989',NULL),
('LG0037','2025-01-04 08:14:22','2025-01-04 14:33:20', 'SL0114','KD0068'),
('LG0038','2025-01-04 08:26:45', NULL,                  'SL0557',NULL),
('LG0039','2025-01-04 08:39:29','2025-01-04 13:11:18', 'SL0735','KD0079'),
('LG0040','2025-01-04 08:48:55', NULL,                  'SL0913',NULL),

('LG0041','2025-01-04 07:04:55','2025-01-04 09:33:10', 'SL0029','KD0011'),
('LG0042','2025-01-04 07:13:21', NULL,                  'SL0643',NULL),
('LG0043','2025-01-04 07:22:40','2025-01-04 10:50:59', 'SL0162','KD0028'),
('LG0044','2025-01-04 07:34:19', NULL,                  'SL0891',NULL),
('LG0045','2025-01-04 07:46:50','2025-01-04 11:09:40', 'SL0287','KD0044'),
('LG0046','2025-01-04 07:59:02', NULL,                  'SL0934',NULL),
('LG0047','2025-01-04 08:10:51','2025-01-04 14:40:09', 'SL0378','KD0053'),
('LG0048','2025-01-04 08:21:37', NULL,                  'SL0471',NULL),
('LG0049','2025-01-04 08:32:44','2025-01-04 12:33:55', 'SL0866','KD0082'),
('LG0050','2025-01-04 08:44:28', NULL,                  'SL0129',NULL),

('LG0051','2025-01-04 07:05:10','2025-01-04 10:22:44', 'SL0101','KD0005'),
('LG0052','2025-01-04 07:14:33', NULL,                  'SL0738',NULL),
('LG0053','2025-01-04 07:26:48','2025-01-04 11:58:33', 'SL0332','KD0030'),
('LG0054','2025-01-04 07:40:20', NULL,                  'SL0941',NULL),
('LG0055','2025-01-04 07:52:55','2025-01-04 12:01:01', 'SL0019','KD0020'),
('LG0056','2025-01-04 08:04:33', NULL,                  'SL0650',NULL),
('LG0057','2025-01-04 08:16:55','2025-01-04 14:12:21', 'SL0577','KD0070'),
('LG0058','2025-01-04 08:27:44', NULL,                  'SL0485',NULL),
('LG0059','2025-01-04 08:37:11','2025-01-04 11:29:45', 'SL0211','KD0047'),
('LG0060','2025-01-04 08:42:50', NULL,                  'SL0993',NULL),

('LG0061','2025-01-04 07:07:55','2025-01-04 09:55:53', 'SL0133','KD0002'),
('LG0062','2025-01-04 07:18:44', NULL,                  'SL0554',NULL),
('LG0063','2025-01-04 07:28:41','2025-01-04 12:44:12', 'SL0301','KD0081'),
('LG0064','2025-01-04 07:42:29', NULL,                  'SL0774',NULL),
('LG0065','2025-01-04 07:55:55','2025-01-04 11:30:22', 'SL0045','KD0064'),
('LG0066','2025-01-04 08:04:14', NULL,                  'SL0952',NULL),
('LG0067','2025-01-04 08:16:03','2025-01-04 15:01:11', 'SL0389','KD0059'),
('LG0068','2025-01-04 08:28:22', NULL,                  'SL0664',NULL),
('LG0069','2025-01-04 08:36:49','2025-01-04 13:21:10', 'SL0842','KD0073'),
('LG0070','2025-01-04 08:47:15', NULL,                  'SL0108',NULL),

('LG0071','2025-01-04 07:10:33','2025-01-04 10:23:12', 'SL0175','KD0037'),
('LG0072','2025-01-04 07:19:14', NULL,                  'SL0596',NULL),
('LG0073','2025-01-04 07:32:21','2025-01-04 13:02:44', 'SL0267','KD0026'),
('LG0074','2025-01-04 07:43:49', NULL,                  'SL0918',NULL),
('LG0075','2025-01-04 07:52:31','2025-01-04 12:22:53', 'SL0036','KD0043'),
('LG0076','2025-01-04 08:03:40', NULL,                  'SL0742',NULL),
('LG0077','2025-01-04 08:14:59','2025-01-04 15:10:20', 'SL0583','KD0066'),
('LG0078','2025-01-04 08:27:31', NULL,                  'SL0621',NULL),
('LG0079','2025-01-04 08:36:20','2025-01-04 11:59:14', 'SL0906','KD0088'),
('LG0080','2025-01-04 08:48:51', NULL,                  'SL0417',NULL);

INSERT INTO karcis (id_karcis, status_karcis, jenis_kendaraan, parkir_log_id_log, eksternal_its_id_ek) VALUES
('KC0001', TRUE, 'MOTOR', 'LG0002', '3578123400012341'),
('KC0002', TRUE, 'MOTOR', 'LG0004', '3578123400012342'),
('KC0003', TRUE, 'MOTOR', 'LG0006', '3578123400012343'),
('KC0004', TRUE, 'MOBIL', 'LG0008', '3578123400012344'),
('KC0005', TRUE, 'MOTOR', 'LG0010', '3578123400012345'),
('KC0006', TRUE, 'MOTOR', 'LG0012', '3578123400012346'),
('KC0007', TRUE, 'MOBIL', 'LG0014', '3578123400012347'),
('KC0008', TRUE, 'MOTOR', 'LG0016', '3578123400012348'),
('KC0009', TRUE, 'MOBIL', 'LG0018', '3578123400012349'),
('KC0010', TRUE, 'MOTOR', 'LG0020', '3578123400012350'),
('KC0011', TRUE, 'MOBIL', 'LG0022', '3578123400012351'),
('KC0012', TRUE, 'MOTOR', 'LG0024', '3578123400012352'),
('KC0013', TRUE, 'MOBIL', 'LG0026', '3578123400012353'),
('KC0014', TRUE, 'MOTOR', 'LG0028', '3578123400012354'),
('KC0015', TRUE, 'MOTOR', 'LG0030', '3578123400012355'),
('KC0016', TRUE, 'MOTOR', 'LG0032', '3578123400012356'),
('KC0017', TRUE, 'MOBIL', 'LG0034', '3578123400012357'),
('KC0018', TRUE, 'MOTOR', 'LG0036', '3578123400012358'),
('KC0019', TRUE, 'MOBIL', 'LG0038', '3578123400012359'),
('KC0020', TRUE, 'MOTOR', 'LG0040', '3578123400012360'),
('KC0021', TRUE, 'MOBIL', 'LG0042', '3578123400012361'),
('KC0022', TRUE, 'MOTOR', 'LG0044', '3578123400012362'),
('KC0023', TRUE, 'MOTOR', 'LG0046', '3578123400012363'),
('KC0024', TRUE, 'MOBIL', 'LG0048', '3578123400012364'),
('KC0025', TRUE, 'MOTOR', 'LG0050', '3578123400012365'),
('KC0026', TRUE, 'MOTOR', 'LG0052', '3578123400012366'),
('KC0027', TRUE, 'MOBIL', 'LG0054', '3578123400012367'),
('KC0028', TRUE, 'MOBIL', 'LG0056', '3578123400012368'),
('KC0029', TRUE, 'MOBIL', 'LG0058', '3578123400012369'),
('KC0030', TRUE, 'MOTOR', 'LG0060', '3578123400012370'),
('KC0031', TRUE, 'MOTOR', 'LG0062', '3578123400012371'),
('KC0032', TRUE, 'MOBIL', 'LG0064', '3578123400012372'),
('KC0033', TRUE, 'MOTOR', 'LG0066', '3578123400012373'),
('KC0034', TRUE, 'MOBIL', 'LG0068', '3578123400012374'),
('KC0035', TRUE, 'MOTOR', 'LG0070', '3578123400012375'),
('KC0036', TRUE, 'MOTOR', 'LG0072', '3578123400012376'),
('KC0037', TRUE, 'MOBIL', 'LG0074', '3578123400012377'),
('KC0038', TRUE, 'MOTOR', 'LG0076', '3578123400012378'),
('KC0039', TRUE, 'MOBIL', 'LG0078', '3578123400012379'),
('KC0040', TRUE, 'MOTOR', 'LG0080', '3578123400012380');
